Item,Open,Close,Volume
0,0.24032042723631514,0.2382339757956074,0.05569565122486172
1,0.23453493546951493,0.23711340206185566,0.06701079566812021
2,0.23587004895416114,0.2577319587628866,0.10397339918225104
3,0.25878949710725413,0.257283729269386,0.061183049575579386
4,0.2574543836226079,0.25459435230838184,0.04060519404135358
5,0.253671562082777,0.2483191393993725,0.03593578527395312
6,0.2496662216288384,0.266024204392649,0.09021800164897295
7,0.26791277258566976,0.2758852532496638,0.08389776367711686
8,0.27369826435246997,0.2552666965486328,0.10852452327339521
9,0.2554517133956387,0.26535186015239803,0.05149804053407199
10,0.2630173564753004,0.2514567458538772,0.03879183942296603
11,0.24922118380062303,0.28148812191842215,0.1664821240091596
12,0.28126390743213164,0.2743164500224114,0.14822836814412513
13,0.271473075211393,0.2716270730614074,0.03293456513022057
14,0.26835781041388523,0.2678171223666517,0.06762308472754391
15,0.267022696929239,0.2794710891976692,0.06251377796477825
16,0.275923453493547,0.2749887942626625,0.10082969430062767
17,0.271473075211393,0.29157328552218725,0.12465403622824851
18,0.2892745883400089,0.2996414164051994,0.014186529881318292
19,0.29149977748108585,0.2911250560286866,0.057156729946046585
20,0.2879394748553627,0.27297176154190944,0.06808212964667394
21,0.2732532265242546,0.25862841774988793,0.0776327664709521
22,0.25456163773920776,0.2575078440161362,0.03695225661277857
23,0.2554517133956387,0.2415956969968624,0.06375757175756556
24,0.2407654650645305,0.23263110712684892,0.05989089003461056
25,0.23141967067200714,0.18668758404303004,0.40622570648109624
26,0.191588785046729,0.18511878081577765,0.14251591609522382
27,0.1757899421450823,0.20192738682205286,0.1938291561586321
28,0.20471740097908325,0.18780815777678178,0.12840514890686364
29,0.19247886070315984,0.191393993724787,0.09129906377730306
30,0.18736092567868273,0.1837740923352757,0.09960999744421224
31,0.1840231419670672,0.1754818467055132,0.07614370642850231
32,0.17601246105919005,0.17817122366651722,0.0758215431079926
33,0.17356475300400537,0.19206633796503808,0.08266936992355152
34,0.19270137961726758,0.19004930524428515,0.060322263008263606
35,0.18691588785046725,0.20170327207530253,0.12082798585877648
36,0.20026702269692925,0.207306140744061,0.06601419312989813
37,0.20560747663551399,0.20909905871806372,0.06748974376294115
38,0.20471740097908325,0.19789332138054688,0.07312395811258082
39,0.1935914552736983,0.19229045271178852,0.04975037670799068
40,0.19848687138406768,0.1972209771402958,0.05037535017471998
41,0.19492656875834452,0.19520394441954275,0.04416930624370184
42,0.20516243880729862,0.19744509188704612,0.08279961713027488
43,0.19470404984423678,0.20080681308830112,0.05916471631013686
44,0.20004450378282151,0.19878978036754819,0.040748056905207435
45,0.19492656875834452,0.19766920663379645,0.03730827939452409
46,0.19136626613262125,0.1904975347377858,0.03446484090264168
47,0.18802848242100584,0.18287763334827428,0.040546275141294504
48,0.18291054739652873,0.18870461676378308,0.05425726006145922
49,0.18825100133511358,0.20416853428955622,0.05405107828634002
50,0.20271473075211405,0.20103092783505155,0.05959278927538519
51,0.196706720071206,0.22613177947108914,0.18412799082597667
52,0.2291944815309302,0.2333034513670999,0.10316768150518883
53,0.23319982198486872,0.24473330345136707,0.09958638175906605
54,0.24922118380062303,0.2617660242043927,0.3482871151687465
55,0.2572318647085003,0.2483191393993725,0.12113787727303119
56,0.24721851357365382,0.25616315553563423,0.10614532033886274
57,0.2514463729417001,0.2590766472433886,0.07419467333955866
58,0.2574543836226079,0.2593007619901389,0.06388702833727529
59,0.2558967512238541,0.23442402510085153,0.0693027546304532
60,0.22897196261682234,0.24069923800986098,0.0589875814839966
61,0.2400979083222074,0.24271627073061414,0.049448735314747756
62,0.24032042723631514,0.24137158225011207,0.03934826896512252
63,0.2407654650645305,0.2440609592111161,0.06952677707601036
64,0.24210057854917671,0.24473330345136707,0.056393774877895396
65,0.24499332443257688,0.23890632003585827,0.08320029315074662
66,0.2363150867823765,0.22523532048408784,0.07700669300142124
67,0.22274143302180688,0.2214253697893322,0.07134611295963145
68,0.22185135736537603,0.2214253697893322,0.0349802953404397
69,0.21918113039608372,0.20797848498431198,0.07019599128041529
70,0.2069425901201602,0.19520394441954275,0.061342653107069635
71,0.19247886070315984,0.204616763783057,0.08419448943284027
72,0.2024922118380062,0.20259973106230383,0.06504261565541175
73,0.2018246550956831,0.2115643209323173,0.1542292959277381
74,0.204939919893191,0.20416853428955622,0.0375287612060637
75,0.19692923898531373,0.18646346929627972,0.06583908643392326
76,0.17801513128615937,0.17346481398476016,0.058365564274796514
77,0.168669336893636,0.16270730614074397,0.07498151909355644
78,0.16466399643969737,0.1770506499327656,0.08049872064517914
79,0.17267467734757463,0.16943074854325407,0.16648208963407204
80,0.1706720071206052,0.17189601075750777,0.08441180873632538
81,0.16844681797952826,0.1705513222770057,0.07012603797725298
82,0.1700044503782821,0.18153294486777233,0.09510930160650254
83,0.17868268802848247,0.18108471537427168,0.0453101122741922
84,0.18380062305295958,0.17256835499775885,0.09642346120350276
85,0.17556742323097457,0.18242940385477363,0.06714513351026191
86,0.1840231419670672,0.18354997758852526,0.045088977335989155
87,0.1833555852247441,0.18915284625728362,0.04694196643032075
88,0.18825100133511358,0.1855670103092784,0.04766910265724583
89,0.18246550956831337,0.17525773195876287,0.044347231696855734
90,0.17156208277703616,0.16987897803675484,0.03300362468110661
91,0.16711170449488216,0.16248319139399375,0.03361783874543306
92,0.16065865598575874,0.16831017480950244,0.04104382015847947
93,0.1662216288384512,0.16898251904975342,0.02689049661173356
94,0.16177125055629732,0.17234424025100842,0.023507919246731835
95,0.17022696929238984,0.1763783056925145,0.03794885915100065
96,0.1769025367156209,0.17951591214701917,0.017638579298256653
97,0.1789052069425901,0.17279246974450907,0.03213152870998719
98,0.17222963951935916,0.16651725683549984,0.06078426418492285
99,0.16533155318202047,0.16606902734199908,0.06023814716903108
100,0.16444147752558963,0.14926042133572387,0.09899268962200639
101,0.15042278593680475,0.16920663379650386,0.09952708473304393
102,0.17111704494882057,0.17144778126400723,0.07622208162811414
103,0.1713395638629283,0.1788435679067683,0.10004353604838087
104,0.1802403204272363,0.1822052891080233,0.09659643664404957
105,0.182020471740098,0.18444643657552667,0.06968039934226708
106,0.18157543391188263,0.1904975347377858,0.06912163229415724
107,0.191588785046729,0.19273868220528906,0.06907082591475976
108,0.19136626613262125,0.1788435679067683,0.03921179986755279
109,0.17356475300400537,0.17951591214701917,0.03908701829974973
110,0.17668001780151305,0.18153294486777233,0.028409325480000837
111,0.1789052069425901,0.17324069923800994,0.06471481482054399
112,0.16777926123720516,0.17368892873151048,0.050810882533966456
113,0.17801513128615937,0.18265351860152396,0.0918373776483212
114,0.18313306631063647,0.1837740923352757,0.0008590334378507872
115,0.17868268802848247,0.18018825638727026,0.03916573725023706
116,0.17601246105919005,0.1804123711340206,0.03830202880047961
117,0.18246550956831337,0.1797400268937696,0.05718216751083288
118,0.17801513128615937,0.1754818467055132,0.10476839183199795
119,0.17734757454383626,0.20327207530255492,0.1310382462380334
120,0.20916777926123725,0.21246077991931872,0.13899889776281776
121,0.21562082777036046,0.23128641864634686,0.1637325982564612
122,0.23141967067200714,0.22792469744509186,0.08582297483038902
123,0.22696929238985314,0.21918422232182883,0.07721504040705604
124,0.21806853582554514,0.22209771402958306,0.06428478247530536
125,0.20605251446372946,0.21873599282832806,0.0473115329965606
126,0.22140631953716067,0.23195876288659795,0.1059911824462928
127,0.2318647085002225,0.22613177947108914,0.06591343974829186
128,0.21895861148197598,0.22456297624383686,0.05804546345953975
129,0.22630173564753003,0.22590766472433893,0.0468932225561762
130,0.22363150867823772,0.21447781264007165,0.03602447299982967
131,0.21361815754339125,0.24562976243836837,0.1561978540664096
132,0.2458834000890076,0.23980277902285968,0.09761569236496649
133,0.2400979083222074,0.2474226804123711,0.0736604157288713
134,0.24410324877614592,0.23957866427610935,0.10921034064508633
135,0.23809523809523808,0.22545943523083817,0.06074146720092428
136,0.22251891410769914,0.22501120573733752,0.046501140307591726
137,0.22251891410769914,0.21806364858807709,0.041065613963985566
138,0.22007120605251446,0.2097714029583146,0.08112517224067305
139,0.20672007120605246,0.2048408785298072,0.038055043796439675
140,0.20293724966622168,0.19744509188704612,0.03295567143397569
141,0.196039163328883,0.19027341999103536,0.03889242092913456
142,0.1871384067645751,0.188032272523532,0.03023673950919594
143,0.1871384067645751,0.17839533841326755,0.04728193604618087
144,0.17400979083222073,0.1898251904975347,0.038461701082144945
145,0.19047619047619052,0.18780815777678178,0.0580835510565441
146,0.1891410769915443,0.19610040340654417,0.07741788779868299
147,0.19581664441477525,0.20013446884805025,0.06021325960564556
148,0.20026702269692925,0.18623935454952928,0.07245673766325374
149,0.1929238985313752,0.18870461676378308,0.1223305896857206
150,0.19136626613262125,0.21537427162707296,0.16740798261720574
151,0.2222963951935914,0.22770058269834142,0.11176695340645945
152,0.23408989764129945,0.22613177947108914,0.08383619789531652
153,0.2291944815309302,0.23711340206185566,0.10814110354687309
154,0.23587004895416114,0.24607799193186913,0.10019128017466669
155,0.24699599465954608,0.24114746750336163,0.19007969348421935
156,0.24165554072096135,0.24092335275661142,0.05666379119059319
157,0.24032042723631514,0.24025100851636033,0.053475433070243605
158,0.2291944815309302,0.207306140744061,0.17015317710887295
159,0.20916777926123725,0.2082025997310622,0.14415588277201397
160,0.20649755229194483,0.20103092783505155,0.11028514650748251
161,0.20026702269692925,0.21358135365307035,0.1001819645259409
162,0.20916777926123725,0.2256835499775885,0.16034077399290877
163,0.22830440587449935,0.23038995965934567,0.08443948068180236
164,0.24032042723631514,0.3068130883012102,0.5831452758231244
165,0.3153093012906097,0.30726131779471083,0.2981263686655952
166,0.30551846906987096,0.3236216943074854,0.39850609307020585
167,0.32398753894081006,0.29896907216494845,0.25143812475647404
168,0.2910547396528705,0.2958314657104438,0.13859251547781287
169,0.2981753449043169,0.2736441057821604,0.22032585176740374
170,0.26390743213173123,0.28395338413267596,0.13918417948470715
171,0.2803738317757009,0.288659793814433,0.087451975854251
172,0.2848242100578549,0.27297176154190944,0.10173836536489929
173,0.27414330218068533,0.2700582698341551,0.0982277751738649
174,0.26524254561637733,0.2675930076199013,0.08163107040413244
175,0.2803738317757009,0.292693859255939,0.30304173118440914
176,0.2868268802848242,0.28978036754818465,0.14760944469280446
177,0.28170894526034723,0.2996414164051994,0.15166305814185121
178,0.2937249666221629,0.292021515015688,0.1713416957608814
179,0.2892745883400089,0.3068130883012102,0.18461123580674121
180,0.3090787716955941,0.31420887494397126,0.19884785019061849
181,0.31308411214953275,0.32339757956073517,0.18146031215673256
182,0.32599020916777927,0.321380546839982,0.12706507049385143
183,0.3204272363150868,0.29829672792469736,0.184725670473192
184,0.2897196261682243,0.29224562976243834,0.14254001303159572
185,0.2897196261682243,0.288659793814433,0.0671943242605446
186,0.28771695594125507,0.25123263110712674,0.11170696887868636
187,0.24477080551846914,0.23442402510085153,0.11648115291293633
188,0.23342234089897634,0.2366651725683549,0.10944807875057556
189,0.2305295950155764,0.2113402061855671,0.10616357351035129
190,0.20404984423676015,0.22030479605558045,0.08055856767260204
191,0.2196261682242991,0.2290452711788435,0.06048640405131032
192,0.22585669781931467,0.24450918870461674,0.08384351978896447
193,0.2414330218068536,0.25862841774988793,0.06930165462765163
194,0.2530040053404539,0.25997310623039,0.16754170170777155
195,0.2603471295060081,0.2534737785746301,0.06317725152956248
196,0.2514463729417001,0.25123263110712674,0.08938966516430347
197,0.2514463729417001,0.24271627073061414,0.09974100090286167
198,0.23898531375166882,0.2415956969968624,0.09606056340424741
199,0.23676012461059187,0.22792469744509186,0.10507594574029931
200,0.2202937249666222,0.23554459883460327,0.09242880102960262
201,0.2356475300400534,0.22523532048408784,0.09134382014129193
202,0.2216288384512684,0.22792469744509186,0.13940225504011833
203,0.21806853582554514,0.2315105333930973,0.07773503235641054
204,0.23164218958611488,0.23688928731510533,0.05422989749177018
205,0.2274143302180685,0.23419991035410131,0.05805027597179662
206,0.2254116599910993,0.22926938592559393,0.06152710982685785
207,0.22518914107699156,0.2308381891528462,0.05008288692985265
208,0.22118380062305293,0.21515015688032274,0.07882668201170574
209,0.21228304405874493,0.2207530255490811,0.0382224848478911
210,0.2158433466844682,0.23218287763334816,0.04062935972790056
211,0.2229639519359145,0.2173913043478261,0.04884555565352456
212,0.2209612817089453,0.2216494845360824,0.03852168560991804
213,0.21895861148197598,0.23195876288659795,0.038228019236986495
214,0.23297730307076098,0.24137158225011207,0.05966033632241908
215,0.23831775700934582,0.25033617212012543,0.10407332756175613
216,0.24699599465954608,0.2440609592111161,0.058538024089030104
217,0.24699599465954608,0.2366651725683549,0.04032266519678793
218,0.23364485981308408,0.2366651725683549,0.048075897443301305
219,0.22874944370271483,0.22545943523083817,0.029365331039827497
220,0.2240765465064531,0.22613177947108914,0.03196639078940154
221,0.22429906542056083,0.21447781264007165,0.10126859541845395
222,0.21406319537160662,0.22971761541909458,0.051945947924836124
223,0.22251891410769914,0.23644105782160468,0.06197384846464531
224,0.2394303515798844,0.23128641864634686,0.05873286208525813
225,0.22696929238985314,0.2669206633796503,0.19199390460947582
226,0.2705829995549623,0.26714477812640064,0.14906340777086668
227,0.26724521584334676,0.2776781712236665,0.11355483608497316
228,0.2763684913217624,0.2803675481846705,0.06587731153127781
229,0.26924788607031597,0.2684894666069028,0.06408537259243333
230,0.2663551401869159,0.2902285970416853,0.20918045150646244
231,0.2892745883400089,0.29986553115194986,0.14523766677718258
232,0.2937249666221629,0.2893321380546839,0.09052445555447274
233,0.28504672897196265,0.25459435230838184,0.12672932901375986
234,0.2567868268802848,0.2642312864186463,0.09104809126310744
235,0.25389408099688476,0.27879874495741813,0.07367571264283064
236,0.2790387182910547,0.29560735096369334,0.21235165645812507
237,0.2892745883400089,0.3045719408337068,0.14583074016266637
238,0.29906542056074764,0.2770058269834154,0.10265748645578582
239,0.27681352914997776,0.2783505154639175,0.0728564511812741
240,0.2777036048064086,0.2584043030031376,0.09876213590981489
241,0.24922118380062303,0.25549081129538326,0.097093947286147
242,0.253671562082777,0.2525773195876288,0.06861552788017257
243,0.2496662216288384,0.2541461228148812,0.06247988412845489
244,0.253671562082777,0.2519049753473778,0.03774673363621223
245,0.2458834000890076,0.2516808606006275,0.07508491935690399
246,0.24477080551846914,0.2581801882563873,0.04894692778670671
247,0.25567423230974634,0.262662483191394,0.10712511345927335
248,0.2565643079661772,0.2581801882563873,0.12115451481540493
249,0.25189141076991545,0.2458538771851188,0.06607954017132887
250,0.24655095683133071,0.24092335275661142,0.06417973220775547
251,0.23609256786826888,0.22277005826983415,0.0740447979578448
252,0.22140631953716067,0.22725235320484077,0.1322320586535244
253,0.22941700044503793,0.2333034513670999,0.06784033528085391
254,0.2274143302180685,0.23711340206185566,0.08540868627524786
255,0.2394303515798844,0.24137158225011207,0.06566930787651849
256,0.24299065420560745,0.24966382787987446,0.014660459213357062
257,0.2503337783711616,0.24047512326311077,0.03160428361715984
258,0.23920783266577655,0.24069923800986098,0.0362118859771471
259,0.24032042723631514,0.2449574181981175,0.03365912322557947
260,0.24098798397863824,0.24562976243836837,0.15433451807072573
261,0.24877614597240766,0.2575078440161362,0.15984986336762078
262,0.258121940364931,0.27386822052891074,0.08981715375306347
263,0.2750333778371162,0.26445540116539673,0.0800365132179946
264,0.24432576769025366,0.2610936799641416,0.0859524657851863
265,0.25834445927903876,0.24697445091887044,0.050549150617367984
266,0.24788607031597681,0.2492155983863738,0.05369261487337851
267,0.24855362705829992,0.23845809054235761,0.061436359595728345
268,0.23898531375166882,0.23106230389959653,0.06662201342794044
269,0.2311971517578994,0.2357687135813536,0.08712541252253501
270,0.22852692478860698,0.2566113850291349,0.15618943216996006
271,0.2558967512238541,0.2543702375616315,0.055335365932260114
272,0.25456163773920776,0.2474226804123711,0.12421661323918685
273,0.2407654650645305,0.243388614970865,0.0539720843351523
274,0.24121050289274587,0.2424921559838637,0.049529654270838226
275,0.24032042723631514,0.243388614970865,0.0595416391451122
276,0.24121050289274587,0.23106230389959653,0.055163593619777504
277,0.22719181130396088,0.23599282832810403,0.052735371810400083
278,0.2514463729417001,0.2615419094576423,0.23931846576421753
279,0.2636849132176235,0.26288659793814434,0.12422111637565576
280,0.2619047619047619,0.2550425818018826,0.06164405387469971
281,0.2523364485981308,0.272075302554908,0.11595445782150976
282,0.27547841566533154,0.2716270730614074,0.09371604493305194
283,0.2701379617267467,0.27229941730165846,0.0547072987076514
284,0.26924788607031597,0.2619901389511429,0.04643929952509098
285,0.2578994214508233,0.24943971313312424,0.050884238970796136
286,0.24810858923008455,0.23397579560735088,0.04260998352230179
287,0.22696929238985314,0.2391304347826087,0.03444779085921735
288,0.23587004895416114,0.2375616315553563,0.0311401855601601
289,0.23230974632843787,0.22545943523083817,0.04386522421924294
290,0.2185135736537605,0.21940833706857904,0.0484782922181505
291,0.21228304405874493,0.18646346929627972,0.09527034889166984
292,0.18380062305295958,0.1898251904975347,0.16758869245245112
293,0.19336893635959057,0.20103092783505155,0.04944976656737423
294,0.2024922118380062,0.2005826983415509,0.04662846563187341
295,0.19826435246996005,0.20103092783505155,0.05353132696259836
296,0.19937694704049852,0.204616763783057,0.044559325987033375
297,0.20449488206497551,0.19834155087404753,0.2351291394695271
298,0.19648420115709836,0.1981174361272971,0.030925753764029118
299,0.19648420115709836,0.20618556701030927,0.02794086178688237
300,0.20382732532265252,0.20797848498431198,0.022249653542086367
301,0.20382732532265252,0.2164948453608247,0.042891687364766264
302,0.2133956386292834,0.21537427162707296,0.014970763128662346
303,0.21317311971517588,0.22344240251008513,0.0667889732281662
304,0.2165109034267913,0.22545943523083817,0.06094637709780417
305,0.2178460169114374,0.2039444195428059,0.07872163174415585
306,0.196706720071206,0.20528910802330785,0.09179389316257165
307,0.20872274143302189,0.22882115643209316,0.0753775888522966
308,0.2291944815309302,0.23733751680860599,0.13451879260254992
309,0.23742768135291498,0.24518153294486772,0.05317568230681588
310,0.24276813529149982,0.2357687135813536,0.05011918702230445
311,0.23164218958611488,0.23397579560735088,0.044102962324732174
312,0.23854027592345345,0.2375616315553563,0.037253554255145996
313,0.23141967067200714,0.2315105333930973,0.041237386276468176
314,0.22830440587449935,0.2415956969968624,0.0309373037934456
315,0.2394303515798844,0.24069923800986098,0.038196806657491957
316,0.24210057854917671,0.24809502465262206,0.08926574297368914
317,0.2407654650645305,0.2519049753473778,0.07654156369179503
318,0.24988874054294624,0.26221425369789336,0.08033873898772585
319,0.258121940364931,0.2543702375616315,0.05274534058578931
320,0.2483311081441923,0.2514567458538772,0.05908565360877404
321,0.2489986648865153,0.2492155983863738,0.09361058216445145
322,0.2489986648865153,0.25123263110712674,0.13730063093754444
323,0.24432576769025366,0.27319587628865977,0.18299663794456228
324,0.271473075211393,0.2590766472433886,0.06280514120684401
325,0.2567868268802848,0.25056028686687587,0.05044884411189985
326,0.2503337783711616,0.23352756611385023,0.07919164231621402
327,0.22874944370271483,0.22299417301658447,0.04442629439821855
328,0.2158433466844682,0.21021963245181535,0.04710621059863012
329,0.20427236315086789,0.21918422232182883,0.05568035431090239
330,0.21450823319982198,0.2317346481398475,0.03545920906017308
331,0.2311971517578994,0.23554459883460327,0.055925448685127124
332,0.2343124165554073,0.24540564769161816,0.050383256444856264
333,0.24410324877614592,0.23532048408785294,0.020514708498398208
334,0.23364485981308408,0.24294038547736435,0.035129276969877284
335,0.24210057854917671,0.24361272971761544,0.043891899287181
336,0.24365821094793055,0.2557149260421335,0.09578360332386472
337,0.2578994214508233,0.23890632003585827,0.052056876332356915
338,0.23587004895416114,0.23711340206185566,0.04484982985191041
339,0.23386737872719193,0.22792469744509186,0.04970775159942986
340,0.22652425456163777,0.22366651725683556,0.0983270848017941
341,0.22429906542056083,0.23935454952935903,0.049517210489145466
342,0.23920783266577655,0.23419991035410131,0.02461215018407
343,0.23364485981308408,0.24966382787987446,0.03820471292762824
344,0.24699599465954608,0.27297176154190944,0.14487036896672098
345,0.271473075211393,0.24966382787987446,0.0723204060660342
346,0.24432576769025366,0.25392200806813087,0.045335790464591345
347,0.24944370271473076,0.25280143433437924,0.07496749405783643
348,0.2521139296840232,0.24473330345136707,0.04312650358781383
349,0.24187805963506898,0.2474226804123711,0.05752780901613859
350,0.24699599465954608,0.25705961452263554,0.06979572776099414
351,0.2578994214508233,0.23397579560735088,0.07384483807357196
352,0.2311971517578994,0.23352756611385023,0.04273067445468651
353,0.2325322652425456,0.24226804123711337,0.045241224598743905
354,0.23987538940809977,0.23845809054235761,0.04015732102567699
355,0.2387627948375612,0.22949350067234414,0.057625846765828485
356,0.22585669781931467,0.21201255042581796,0.05961822684017149
357,0.20827770360480652,0.1996862393545495,0.03881724261266478
358,0.1973742768135291,0.20304796055580449,0.04221322626181064
359,0.20026702269692925,0.20775437023756166,0.05038875645886411
360,0.200489541611037,0.20013446884805025,0.06631184701298536
361,0.20226969292389846,0.1931869116987897,0.06871500938353953
362,0.19626168224299062,0.21111609143881666,0.02470602854816646
363,0.21028037383177572,0.20685791125056036,0.04413046239477141
364,0.20382732532265252,0.21716718960107567,0.0163236978244179
365,0.2178460169114374,0.21873599282832806,0.025550693199421746
366,0.21984868713840683,0.21716718960107567,0.05878927160392612
367,0.2171784601691144,0.21940833706857904,0.03581708809664625
368,0.2196261682242991,0.2214253697893322,0.02587512527570969
369,0.22118380062305293,0.2624383684446436,0.21482312212763918
370,0.2610146862483312,0.26378305692514564,0.10389519585807695
371,0.26012461059190023,0.2523532048408785,0.14146775092567815
372,0.24877614597240766,0.25392200806813087,0.043770280227432456
373,0.2503337783711616,0.24607799193186913,0.03860322331758439
374,0.24165554072096135,0.22680412371134023,0.05682167596770599
375,0.22207387627948377,0.2131331241595696,0.10299487794007975
376,0.21317311971517588,0.210667861945316,0.09002969491937925
377,0.21361815754339125,0.2131331241595696,0.07605745933384174
378,0.2120605251446373,0.19991035410129981,0.03709202571875301
379,0.19870939029817541,0.1770506499327656,0.09992373886827242
380,0.1717846016911438,0.17615419094576418,0.12378774964692489
381,0.17467734757454384,0.1788435679067683,0.05968900514543498
382,0.17467734757454384,0.17682653518601515,0.08100915632019501
383,0.17979528259902094,0.18332586284177504,0.03450585038208769
384,0.18179795282599015,0.18780815777678178,0.05794333507443152
385,0.18357810413885184,0.16651725683549984,0.074984372225823
386,0.16021361815754337,0.15732855221873593,0.07789793589630549
387,0.16021361815754337,0.1721201255042582,0.0506173507910653
388,0.17089452603471295,0.18242940385477363,0.07705175874119805
389,0.17935024477080558,0.18018825638727026,0.10036466811626411
390,0.17868268802848247,0.18780815777678178,0.07311691121963326
391,0.1871384067645751,0.19565217391304351,0.04377808337230609
392,0.19514908767245215,0.2005826983415509,0.07330690232851687
393,0.19915442812639078,0.20304796055580449,0.048037225469808625
394,0.19937694704049852,0.20125504258180188,0.0357030315561585
395,0.19781931464174457,0.194083370685791,0.05322112617255573
396,0.19203382287494436,0.1972209771402958,0.02071494338337143
397,0.19581664441477525,0.20304796055580449,0.03130587348214653
398,0.1980418335558523,0.20080681308830112,0.026537808213480295
399,0.19492656875834452,0.20685791125056036,0.03500934228941865
400,0.19759679572763694,0.2064096817570596,0.027809755202970285
401,0.20649755229194483,0.18937696100403406,0.172972174913508
402,0.1782376502002671,0.19542805916629308,0.042737652597458965
403,0.18825100133511358,0.1904975347377858,0.016133981716234685
404,0.18691588785046725,0.17099955177050657,0.06796085433780089
405,0.1673342234089898,0.1555356342447332,0.07462680256513778
406,0.15420560747663553,0.15732855221873593,0.06984550288776517
407,0.155318202047174,0.16069027341999104,0.022564185593160185
408,0.15932354250111264,0.14432989690721648,0.06317226714186787
409,0.14241210502892748,0.15643209323173463,0.026727455571488413
410,0.1539830885625278,0.15217391304347822,0.024036401842710945
411,0.15131286159323548,0.14231286418646344,0.051095680134310345
412,0.1361815754339119,0.1142985208426715,0.08735074122141905
413,0.11059190031152649,0.1185567010309278,0.06301235423458969
414,0.11548731642189586,0.11676378305692509,0.04266048052591134
415,0.11704494882064981,0.13312415956969964,0.07354732169083493
416,0.13328882955051174,0.13424473330345127,0.029930491854221447
417,0.13440142412105022,0.1393993724787091,0.04049302813068102
418,0.136849132176235,0.14500224114746746,0.03158603044567129
419,0.1450823319982198,0.13984760197220975,0.06928687334000554
420,0.13506898086337343,0.1369341102644553,0.05486147097530889
421,0.13306631063640412,0.14813984760197213,0.0906161682880536
422,0.13440142412105022,0.13984760197220975,0.028486944427686595
423,0.12906097018246548,0.12057373375168084,0.044610544867481464
424,0.11904761904761901,0.13245181532944855,0.14550324870358655
425,0.13128615932354254,0.14746750336172126,0.08825738415552527
426,0.1444147752558967,0.15441506051098158,0.05934477301871879
427,0.15353805073431243,0.14993276557597485,0.03206480666505448
428,0.13395638629283485,0.14500224114746746,0.03987970781863085
429,0.1450823319982198,0.15934558493948897,0.10428779373297467
430,0.14730752113929685,0.1445540116539668,0.05185952895473781
431,0.14196706720071212,0.1402958314657104,0.032618142449331554
432,0.14152202937249675,0.14298520842671453,0.05123816487220116
433,0.14196706720071212,0.15307037203047963,0.05570847313251751
434,0.15131286159323548,0.15419094576423126,0.06442534220829343
435,0.15353805073431243,0.15912147019273865,0.04915706269689406
436,0.15999109924343563,0.15844912595248767,0.024227355454045925
437,0.159768580329328,0.1629314208874944,0.06905164461590738
438,0.15665331553182021,0.17525773195876287,0.07886256960310696
439,0.16510903426791274,0.1562079784849843,0.0641114976589706
440,0.15131286159323548,0.16517256835499777,0.041592824681725364
441,0.16444147752558963,0.1712236665172568,0.06561939524939728
442,0.16844681797952826,0.17099955177050657,0.04957898252147112
443,0.1673342234089898,0.15643209323173463,0.03938752531510354
444,0.15487316421895864,0.15598386373823386,0.04106949834887861
445,0.1564307966177126,0.161362617660242,0.036097313810346116
446,0.15442812639074316,0.1546391752577319,0.06010755621143223
447,0.14686248331108148,0.16831017480950244,0.07660264822236969
448,0.17089452603471295,0.1712236665172568,0.054073937719560136
449,0.17979528259902094,0.1822052891080233,0.06935923289929628
450,0.1833555852247441,0.1770506499327656,0.04986622075303099
451,0.17356475300400537,0.18422232182877635,0.1284070739117664
452,0.17779261237205163,0.17615419094576418,0.030686193778899785
453,0.17356475300400537,0.16270730614074397,0.03947167552942362
454,0.1611036938139741,0.1571044374719856,0.04018537109711701
455,0.15442812639074316,0.13626176602420442,0.037711017920248766
456,0.14018691588785054,0.12259076647243389,0.03349890094251334
457,0.12550066755674233,0.1320035858359479,0.055485653815024565
458,0.13128615932354254,0.12707306140744062,0.024010758027399354
459,0.13885180240320422,0.1411922904527118,0.07180990164084324
460,0.14018691588785054,0.13962348722545942,0.048288266734179346
461,0.1348464619492658,0.13558942178395333,0.043128119216928634
462,0.12683578104138854,0.1243836844464366,0.03243650448672237
463,0.11526479750778823,0.054683998207081974,0.12592264883424625
464,0.05829995549621719,0.06678619453160012,0.17037651205267915
465,0.06653315531820209,0.06566562079784849,0.04482538916466303
466,0.0723186470850023,0.06140744060959208,0.23227171031701224
467,0.06831330663106366,0.06947557149260425,0.11652573740148744
468,0.06586559857587898,0.07597489914836392,0.065656692219388
469,0.07009345794392524,0.056252801434334365,0.08994420407664476
470,0.05829995549621719,0.07261317794710892,0.06280400682895489
471,0.07899421450823324,0.09636934110264456,0.15772311107604853
472,0.0959056519804184,0.07866427610936794,0.08238553482565901
473,0.08277703604806413,0.07978484984311968,0.04294349062170268
474,0.08188696039163329,0.08202599731062304,0.04517257754890845
475,0.08500222518914108,0.09412819363514119,0.050503122375139806
476,0.08455718736092571,0.09457642312864184,0.03238425435364781
477,0.09701824655095687,0.09233527566113847,0.023519331775798118
478,0.09390298175344908,0.0959211116091438,0.023685157198134743
479,0.09368046283934134,0.10197220977140292,0.02885369223674742
480,0.10658655985758797,0.0916629314208875,0.020468439630557188
481,0.09345794392523371,0.10219632451815325,0.040717634952726525
482,0.08923008455718734,0.10242043926490357,0.017993398951937956
483,0.10324877614597244,0.09524876736889293,0.04071557244747358
484,0.09056519804183355,0.1001792917974002,0.03282576797812782
485,0.09701824655095687,0.09659345584939488,0.031328457914666256
486,0.0979083222073876,0.10959211116091433,0.03963884158017465
487,0.10458388963061865,0.10735096369341096,0.031273148398799834
488,0.10858923008455729,0.11272971761541911,0.028013290096348217
489,0.11548731642189586,0.12281488121918421,0.03845912295057877
490,0.1266132621272808,0.13088301210219627,0.02220606593107417
491,0.13128615932354254,0.12505602868668758,0.031245167077534906
492,0.12950600801068085,0.13626176602420442,0.030755047079260536
493,0.14196706720071212,0.13760645450470638,0.025659009100288805
494,0.13796172674677348,0.1436575526669654,0.04182956590967568
495,0.14241210502892748,0.14298520842671453,0.016043059609667447
496,0.14040943480195828,0.13290004482294943,0.031917200039118854
497,0.13351134846461948,0.14051994621246072,0.04566087566754272
498,0.13885180240320422,0.1436575526669654,0.016906046182586374
499,0.14241210502892748,0.14051994621246072,0.008842063144629573
500,0.1361815754339119,0.1436575526669654,0.010480139191604506
501,0.14107699154428127,0.16472433886149712,0.08144321055067687
502,0.16332888295505116,0.15643209323173463,0.016827877233499832
503,0.15887850467289716,0.15755266696548637,0.010771743059283106
504,0.15754339118825106,0.16248319139399375,0.02179531800995056
505,0.15887850467289716,0.1485880770954729,0.02687499344724894
506,0.14597240765465075,0.14769161810847148,0.01695685256198387
507,0.14641744548286612,0.14903630658897354,0.06820072369871817
508,0.15131286159323548,0.13805468399820703,0.023163377744227696
509,0.13796172674677348,0.1344688480502017,0.01792674565718035
510,0.1348464619492658,0.13043478260869562,0.014402749182001826
511,0.12906097018246548,0.13043478260869562,0.015722511918272543
512,0.127948375611927,0.11362617660242041,0.02723586311633888
513,0.10591900311526475,0.10398924249215596,0.02606700701440849
514,0.09746328437917223,0.11721201255042585,0.03463840071967684
515,0.10814419225634181,0.10331689825190499,0.014631859140516252
516,0.10547396528704939,0.11317794710891976,0.0
517,0.1112594570538496,0.11362617660242041,0.02191081830411537
518,0.11036938139741875,0.1142985208426715,0.01652688896692034
519,0.11882510013351127,0.13379650380995062,0.03616867649209794
520,0.13640409434801964,0.11698789780367541,0.028277393893987576
521,0.11838006230529591,0.12662483191393997,0.013341246478487126
522,0.12483311081441933,0.13962348722545942,0.03607919813920776
523,0.14152202937249675,0.13581353653070366,0.02551538998450887
524,0.13351134846461948,0.1420887494397131,0.017641707431223615
525,0.1406319537160659,0.14477812640071713,0.062012657938488196
526,0.14196706720071212,0.1537427162707305,0.03616602961035667
527,0.15576323987538948,0.15643209323173463,0.02577402814322793
528,0.15598575878949722,0.15060510981622593,0.02788857727872026
529,0.14864263462394306,0.1503809950694755,0.01599139385308122
530,0.14730752113929685,0.1445540116539668,0.020271401628726024
531,0.13796172674677348,0.13895114298520844,0.022632592017382797
532,0.13840676457498885,0.14657104437471985,0.012951157984980494
533,0.14218958611481974,0.14500224114746746,0.04025522127501669
534,0.1430796617712506,0.13222770058269834,0.036174829632769225
535,0.1297285269247887,0.14634692962796952,0.020764477884529613
536,0.1437472185135737,0.1369341102644553,0.02532625825281399
537,0.12861593235425012,0.1420887494397131,0.023157430854081708
538,0.14174454828660438,0.13984760197220975,0.016830386614890912
539,0.13974187805963506,0.151949798296728,0.037519617432775654
540,0.1539830885625278,0.1772747646795158,0.05524836258567346
541,0.17556742323097457,0.17593007619901385,0.03600721670588005
542,0.17156208277703616,0.1804123711340206,0.03233389485038845
543,0.18068535825545168,0.17279246974450907,0.017493928929850244
544,0.17356475300400537,0.1763783056925145,0.015865684157914343
545,0.17801513128615937,0.1889287315105334,0.045678063211317246
546,0.1864708500222519,0.1855670103092784,0.0233932439546682
547,0.18424566088117494,0.17593007619901385,0.039885551583514194
548,0.1757899421450823,0.19587628865979373,0.05657895347452214
549,0.19581664441477525,0.19520394441954275,0.04690738509224641
550,0.191588785046729,0.19610040340654417,0.02340555023601076
551,0.1909212283044059,0.1839982070820259,0.029229274443308348
552,0.18246550956831337,0.2048408785298072,0.0482138102945481
553,0.19626168224299062,0.19094576423128634,0.02522698299997233
554,0.18291054739652873,0.16763783056925147,0.03212582244545405
555,0.16755674232309753,0.18735992828328102,0.04070904118083926
556,0.1789052069425901,0.17593007619901385,0.03787034645103862
557,0.17534490431686695,0.16517256835499777,0.043069131566694466
558,0.1724521584334669,0.14769161810847148,0.06214297389538665
559,0.12950600801068085,0.14074406095921116,0.045750560270958196
560,0.14241210502892748,0.11586732406992378,0.05694535753270747
561,0.1112594570538496,0.08606006275212902,0.06756530020537396
562,0.08878504672897197,0.10645450470640966,0.04506848978380992
563,0.09612817089452602,0.0891976692066338,0.040490037498064256
564,0.08923008455718734,0.08561183325862837,0.04201247575052418
565,0.0927903871829105,0.1026445540116539,0.033825498649316874
566,0.1016911437472185,0.09704168534289553,0.02002379787311021
567,0.09768580329327997,0.09771402958314651,0.019073807953604634
568,0.09768580329327997,0.09188704616763782,0.04948390102931044
569,0.09390298175344908,0.10690273419991031,0.028373231638074328
570,0.10591900311526475,0.10735096369341096,0.016934508755076988
571,0.10858923008455729,0.09681757059614521,0.021813330555826262
572,0.08923008455718734,0.08561183325862837,0.026709649276138003
573,0.08945260347129508,0.08493948901837739,0.03507307370173459
574,0.08411214953271035,0.08897355445988347,0.02395795789292401
575,0.08923008455718734,0.09524876736889293,0.03875581433121463
576,0.08900756564307971,0.08112953832362163,0.03468625084154511
577,0.07788161993769477,0.07037203047960555,0.0534467642472277
578,0.04316866933689362,0.011653966831017437,0.18645556237901045
579,0.0011125945705385276,0.007395786642761082,0.06830195833155013
580,0.009345794392523366,0.01501568803227249,0.03408272742944642
581,0.02091677792612373,0.0,0.04266226803046389
582,0.0,0.006051098162259072,0.040146011621873354
583,0.010680907877169632,0.00851636037651271,0.04567933508955656
584,0.008900756564307999,0.020842671447781236,0.04264030234952005
585,0.019136626613262153,0.028910802330793295,0.03614722643746734
586,0.02670226969292394,0.01792917974002689,0.032215541423957064
587,0.014241210502892787,0.018153294486777216,0.022617157603073274
588,0.021361815754339153,0.015912147019273848,0.31846820484870925
589,0.02202937249666226,0.009412819363514069,0.07843666226837422
590,0.008900756564307999,0.0040340654415060295,0.05291425976600535
591,0.005340453938584788,0.028014343343792047,0.047475124038206536
592,0.031152647975077885,0.03249663827879873,0.03851687309766117
593,0.033377837116154885,0.03070372030479601,0.03988634221052782
594,0.031152647975077885,0.04751232631107122,0.04391259308988553
595,0.05028927458834004,0.05826983415508741,0.054216388082363405
596,0.05629728526924799,0.06364858807709545,0.05001011486951131
597,0.06586559857587898,0.06185567010309273,0.037044209971972275
598,0.06030262572318651,0.05916629314208871,0.036801590604051075
599,0.058077436582109454,0.05826983415508741,0.05187596024658626
600,0.057854917668001826,0.057373375168085994,0.03378390479338252
601,0.056519804183355615,0.0558045719408336,0.02969956001606692
602,0.057854917668001826,0.058942178395338385,0.04456895101154711
603,0.06008010680907877,0.07283729269385925,0.06745368429610218
604,0.07209612817089456,0.07731958762886598,0.025424571003204277
605,0.08032932799287945,0.08404303003137609,0.04706705737391175
606,0.08277703604806413,0.07530255490811294,0.0388508958233753
607,0.07565643079661771,0.07507844016136261,0.0440838497760549
608,0.07165109034267908,0.07463021066786196,0.11990487725773427
609,0.07521139296840235,0.08404303003137609,0.06263233764173493
610,0.08455718736092571,0.083370685791125,0.052490793062488585
611,0.08455718736092571,0.0891976692066338,0.04923725977614599
612,0.0883400089007566,0.08314657104437467,0.025147335922121178
613,0.08010680907877171,0.0699238009861049,0.053725202456375014
614,0.07387627948375614,0.07261317794710892,0.042181532431090414
615,0.06720071206052519,0.07194083370685794,0.035997660431541414
616,0.06898086337338677,0.0674585387718512,0.018834660469525887
617,0.06675567423230971,0.07552666965486327,0.032668055076452776
618,0.07343124165554077,0.07037203047960555,0.023665082147006095
619,0.07142857142857145,0.08068130883012098,0.028481650664204036
620,0.07943925233644861,0.07776781712236663,0.02286462385833889
621,0.07654650645304856,0.08606006275212902,0.05062381330752452
622,0.08633733867378729,0.07821604661586729,0.027241053754558785
623,0.07120605251446371,0.07888839085611826,0.021181413321412056
624,0.0774365821094794,0.08314657104437467,0.0234420909540754
625,0.07832665776591013,0.08583594800537869,0.03038379613373078
626,0.08678237650200266,0.08852532496638282,0.06357239316093884
627,0.08678237650200266,0.07911250560286859,0.07018959751413116
628,0.08010680907877171,0.07799193186911696,0.02646084239245797
629,0.07276368491321766,0.08269834155087402,0.021223694679097387
630,0.08277703604806413,0.07530255490811294,0.04317535058722103
631,0.07476635514018698,0.0640968175705961,0.027289591378178043
632,0.062305295950155826,0.06140744060959208,0.022165743953379134
633,0.06030262572318651,0.06925145674585381,0.019045551631639315
634,0.07076101468624835,0.07216494845360827,0.03806013130939693
635,0.07120605251446371,0.06969968623935457,0.014644131046771262
636,0.062305295950155826,0.06566562079784849,0.01796033011771577
637,0.06564307966177124,0.07306140744060957,0.017051590303269054
638,0.06675567423230971,0.07575078440161359,0.034485294079733365
639,0.0736537605696484,0.08068130883012098,0.02022857026963991
640,0.08010680907877171,0.07933662034961891,0.03328745977899913
641,0.07565643079661771,0.08202599731062304,0.018624284933725692
642,0.07565643079661771,0.07754370237561631,0.03385677997898651
643,0.07521139296840235,0.07799193186911696,0.012598194586026838
644,0.07788161993769477,0.07956073509636935,0.044573832273979076
645,0.0832220738762795,0.08561183325862837,0.045994279641680964
646,0.07565643079661771,0.07552666965486327,0.058007444612710506
647,0.07565643079661771,0.07149260421335718,0.044115921732738164
648,0.06720071206052519,0.06566562079784849,0.019798572299488826
649,0.06675567423230971,0.06857911250560284,0.02034413931397982
650,0.06586559857587898,0.06768265351860153,0.01918305198183552
651,0.06764574988874056,0.06902734199910349,0.016539951500188978
652,0.06898086337338677,0.07440609592111164,0.015453595608376319
653,0.07988429016466408,0.07866427610936794,0.057862759869216546
654,0.07721406319537155,0.07463021066786196,0.026339085832359232
655,0.0729862038273254,0.07485432541461218,0.02029405481142085
656,0.07254116599910992,0.09748991483639619,0.07872362549923369
657,0.10814419225634181,0.09995517705064988,0.09367359169992887
658,0.09924343569203381,0.09412819363514119,0.027516776331789724
659,0.08455718736092571,0.1142985208426715,0.14457384946152285
660,0.11748998664886517,0.10690273419991031,0.09633267659728571
661,0.10792167334223407,0.10914388166741368,0.05369010549198743
662,0.10636404094348023,0.10510981622590759,0.04774397159792767
663,0.10458388963061865,0.10331689825190499,0.0556095072554638
664,0.0959056519804184,0.10533393097265803,0.021748739766321596
665,0.10369381397418781,0.10219632451815325,0.011925989749005144
666,0.10057854917668002,0.11026445540116542,0.09254866695988616
667,0.10903426791277265,0.10802330793366205,0.0449805239347719
668,0.07788161993769477,0.09681757059614521,0.1198217926711282
669,0.09679572763684913,0.10443747198565662,0.07087634301318611
670,0.10903426791277265,0.11295383236216933,0.08467893754166905
671,0.1119270137961727,0.12124607799193182,0.09059612761201251
672,0.12238540275923454,0.12796952039444193,0.09317047791856095
673,0.12906097018246548,0.1445540116539668,0.18149348411621738
674,0.1450823319982198,0.14096817570596137,0.035904469569195935
675,0.13907432131731196,0.14007171671896007,0.028957161250270064
676,0.13573653760569654,0.14253697893321376,0.06961525855136162
677,0.1399643969737427,0.13424473330345127,0.04113855789976466
678,0.13796172674677348,0.13648588077095464,0.054637964156064964
679,0.1355140186915888,0.13558942178395333,0.051971729240497914
680,0.13306631063640412,0.13222770058269834,0.04146178684798838
681,0.13306631063640412,0.13424473330345127,0.0341416463295055
682,0.13796172674677348,0.13424473330345127,0.05113799586708323
683,0.13351134846461948,0.12236665172568345,0.07506157867245818
684,0.12683578104138854,0.12281488121918421,0.1307409017307341
685,0.12171784601691144,0.13984760197220975,0.06142467206596167
686,0.14152202937249675,0.13065889735544606,0.061333612459044236
687,0.12861593235425012,0.129314208874944,0.06573125178428188
688,0.127948375611927,0.13805468399820703,0.053506233148687556
689,0.1355140186915888,0.1277454056476916,0.04027959321208897
690,0.1266132621272808,0.15598386373823386,0.11951492626457783
691,0.15576323987538948,0.16808606006275212,0.12560168864180077
692,0.168669336893636,0.1770506499327656,0.10161592130304957
693,0.17801513128615937,0.17189601075750777,0.06489243089790994
694,0.16911437472185137,0.16024204392649039,0.036955040994870035
695,0.15754339118825106,0.14836396234872257,0.04645703707026629
696,0.14686248331108148,0.15979381443298973,0.04863466449141113
697,0.15798842901646643,0.16337965038099506,0.0456306599655871
698,0.15821094793057416,0.1804123711340206,0.08009556961840388
699,0.182020471740098,0.18198117436127298,0.2904507897418552
700,0.18357810413885184,0.15732855221873593,0.10963404797421594
701,0.15353805073431243,0.155311519497983,0.03575119105381472
702,0.15487316421895864,0.1537427162707305,0.03175824963429204
703,0.15086782376502011,0.158673240699238,0.048754667922044866
704,0.15932354250111264,0.15688032272523528,0.023304968729842238
705,0.1577659101023587,0.16225907664724332,0.02753540762924131
706,0.16399643969737426,0.1730165844912595,0.07555499867913726
707,0.17356475300400537,0.16024204392649039,0.04463601680735531
708,0.15887850467289716,0.16562079784849842,0.040658784802842546
709,0.16644414775255906,0.16853428955625277,0.09816985315134474
710,0.17979528259902094,0.16943074854325407,0.1639117955878544
711,0.16911437472185137,0.1669654863290005,0.047030722906372405
712,0.16711170449488216,0.1629314208874944,0.051705081686379925
713,0.16310636404094353,0.16831017480950244,0.059542429772125836
714,0.16510903426791274,0.16853428955625277,0.044726388912521765
715,0.16577659101023584,0.17234424025100842,0.08227587829637753
716,0.17089452603471295,0.1745853877185118,0.05435141342625607
717,0.17311971517579,0.17525773195876287,0.041266020724396536
718,0.1724521584334669,0.1772747646795158,0.0784280341213994
719,0.17467734757454384,0.1772747646795158,0.03625983922427803
720,0.1744548286604361,0.16606902734199908,0.0377879837412711
721,0.155318202047174,0.14634692962796952,0.07385525372509932
722,0.14330218068535822,0.15598386373823386,0.032507592167773804
723,0.15287049399198932,0.15396683101748093,0.04644428391278559
724,0.15732087227414332,0.16674137158225005,0.10071264712752315
725,0.16399643969737426,0.1669654863290005,0.043398066779451336
726,0.16332888295505116,0.15844912595248767,0.058016107134772864
727,0.15576323987538948,0.158673240699238,0.05277535003721963
728,0.16088117489986659,0.16248319139399375,0.03797134045825773
729,0.159768580329328,0.17817122366651722,0.11819286039744133
730,0.18001780151312857,0.1703272075302555,0.09175333055926377
731,0.168669336893636,0.18780815777678178,0.1105664378488964
732,0.20071206052514462,0.19766920663379645,0.2187784572013832
733,0.1998219848687139,0.15396683101748093,0.15996061989970384
734,0.15109034267912774,0.16562079784849842,0.047146566951412706
735,0.16889185580774363,0.1779471089197669,0.0628197162439648
736,0.1757899421450823,0.1754818467055132,0.08861550381761128
737,0.17334223408989763,0.22702823845809056,0.3314258597252365
738,0.2267467734757454,0.21627073061407437,0.21162857649153077
739,0.21940364931019146,0.21783953384132676,0.13739897806302226
740,0.21762349799732977,0.21963245181532948,0.0674877500078633
741,0.21562082777036046,0.20259973106230383,0.10369145471417372
742,0.20471740097908325,0.2265800089645898,0.13298641994978833
743,0.22251891410769914,0.21335723890632002,0.1058752696510774
744,0.2133956386292834,0.2207530255490811,0.09063524646164334
745,0.21806853582554514,0.23285522187359925,0.22638092031390644
746,0.2356475300400534,0.22277005826983415,0.09212880964056205
747,0.22007120605251446,0.22344240251008513,0.0567596633097675
748,0.22207387627948377,0.23038995965934567,0.08989271019549627
749,0.204939919893191,0.21223666517256828,0.10775569006527314
750,0.20026702269692925,0.19161810847153743,0.11982694893426057
751,0.16243880729862042,0.15732855221873593,0.2895950219373215
752,0.15576323987538948,0.1671896010757507,0.07497839096058947
753,0.16755674232309753,0.16472433886149712,0.01127949747747014
754,0.16199376947040506,0.1611385029134917,0.04804141923048961
755,0.15576323987538948,0.14477812640071713,0.06621563114293556
756,0.13840676457498885,0.1286418646346929,0.06747936248650133
757,0.1246105919003116,0.1084715374271627,0.15517863272058022
758,0.10992434356920339,0.11362617660242041,0.06352880554992664
759,0.1201602136181576,0.11116091438816672,0.09138180461303362
760,0.06675567423230971,0.08628417749887946,0.17780720285271978
761,0.09345794392523371,0.10197220977140292,0.07116681250297559
762,0.08900756564307971,0.07171671896010762,0.10168663085813796
763,0.07476635514018698,0.06432093231734642,0.07925073309171084
764,0.08945260347129508,0.08359480053787532,0.1582365717587687
765,0.0832220738762795,0.07149260421335718,0.041470311869700544
766,0.07076101468624835,0.07821604661586729,0.06561272648241276
767,0.07610146862483308,0.05826983415508741,0.06449254550445183
768,0.06586559857587898,0.06566562079784849,0.11382691490292389
769,0.07031597685803298,0.06723442402510088,0.07118269379342325
770,0.06519804183355588,0.0558045719408336,0.07288340124991256
771,0.057854917668001826,0.07104437471985653,0.047235529677989656
772,0.0692033822874944,0.08202599731062304,0.056332346596445246
773,0.08811748998664887,0.08650829224562978,0.06509974705091827
774,0.08878504672897197,0.09502465262214249,0.05213765778809718
775,0.09635068980863376,0.08628417749887946,0.03800269053810247
776,0.08233199821984866,0.08471537427162706,0.04273689634553288
777,0.08210947930574103,0.09412819363514119,0.04474612021277492
778,0.09256786826880287,0.09300761990138956,0.04766580264884113
779,0.09501557632398755,0.08807709547288206,0.038412132205899216
780,0.08900756564307971,0.09502465262214249,0.034037867940194914
781,0.09501557632398755,0.09524876736889293,0.028183446779716022
782,0.09301290609701834,0.09278350515463912,0.02271141409313277
783,0.09368046283934134,0.09278350515463912,0.013827069590817864
784,0.0927903871829105,0.0900941281936351,0.024956588561311496
785,0.08678237650200266,0.09771402958314651,0.07260771304776917
786,0.0979083222073876,0.09704168534289553,0.024219139808121702
787,0.09701824655095687,0.09704168534289553,0.028285815790437097
788,0.09701824655095687,0.083370685791125,0.018769382178270236
789,0.07899421450823324,0.08493948901837739,0.019830197380033953
790,0.08633733867378729,0.07507844016136261,0.025424571003204277
791,0.07343124165554077,0.07261317794710892,0.02231616933649378
792,0.07031597685803298,0.06432093231734642,0.011173140956593376
793,0.062305295950155826,0.08023307933662033,0.021598589383907338
794,0.07209612817089456,0.07597489914836392,0.02635613587578356
795,0.07387627948375614,0.08269834155087402,0.03180805913615062
796,0.08055184690698708,0.0867324069923801,0.03153113343085546
797,0.08811748998664887,0.09367996414164054,0.03444376897397411
798,0.08811748998664887,0.09771402958314651,0.016508635795431794
799,0.0979083222073876,0.09771402958314651,0.019113683055161534
800,0.09679572763684913,0.10107575078440162,0.01386639469097398
801,0.09968847352024929,0.09861048857014793,0.039697760480233726
802,0.09679572763684913,0.09905871806364858,0.010819455680801188
803,0.10013351134846465,0.09771402958314651,0.014885512911540697
804,0.0979083222073876,0.11160914388166737,0.02540673033276632
805,0.11259457053849581,0.1008516360376513,0.04480510786300909
806,0.10636404094348023,0.1151949798296727,0.12091712046079117
807,0.11214953271028033,0.11205737337516813,0.015075744646037146
808,0.11392968402314191,0.1118332586284177,0.025837484554843478
809,0.1112594570538496,0.11653966831017476,0.03299183402607729
810,0.11927013796172686,0.12483191393993726,0.041549271445800715
811,0.12127280818869607,0.10645450470640966,0.029612453544217626
812,0.10947930574098802,0.11317794710891976,0.02221087844333104
813,0.11481975967957286,0.11564320932317335,0.030801762823239695
814,0.11682242990654207,0.1151949798296727,0.027829761503923835
815,0.11281708945260344,0.11900493052442845,0.02267710775575882
816,0.11615487316421896,0.12460779919318682,0.03975750438239398
817,0.12238540275923454,0.11743612729717606,0.0520429887969871
818,0.11593235425011134,0.12303899596593454,0.03856159508656249
819,0.1310636404094348,0.15688032272523528,0.22524293304059512
820,0.15665331553182021,0.17570596145226353,0.11924552870345592
821,0.17311971517579,0.1797400268937696,0.06968950874046757
822,0.17400979083222073,0.17480950246526222,0.07238492810536376
823,0.17334223408989763,0.19497982967279243,0.07090573371304056
824,0.19136626613262125,0.18489466606902732,0.05591582366061339
825,0.18224299065420563,0.18511878081577765,0.043561245320046675
826,0.1864708500222519,0.17615419094576418,0.07301327033067287
827,0.17534490431686695,0.17279246974450907,0.04452993528717894
828,0.168669336893636,0.16181084715374267,0.03758709572963444
829,0.1611036938139741,0.1678619453160018,0.028950767483985937
830,0.168669336893636,0.16808606006275212,0.029296855865429787
831,0.16911437472185137,0.1745853877185118,0.04872665222569239
832,0.17423230974632847,0.1745853877185118,0.054028528228907836
833,0.17601246105919005,0.16741371582250114,0.04110961407604835
834,0.1648865153538051,0.16405199462124603,0.04262325230609572
835,0.16021361815754337,0.16248319139399375,0.035366877575016324
836,0.16088117489986659,0.158673240699238,0.048589633126721876
837,0.15798842901646643,0.18354997758852526,0.1656594594139357
838,0.18891855807743657,0.17234424025100842,0.05723709890073627
839,0.16955941255006673,0.18242940385477363,0.05406369394347052
840,0.18224299065420563,0.18198117436127298,0.0667863950966
841,0.17801513128615937,0.1797400268937696,0.02156820180651398
842,0.17534490431686695,0.17368892873151048,0.034502172247719946
843,0.1673342234089898,0.17099955177050657,0.03344128829578113
844,0.16844681797952826,0.15441506051098158,0.05400298753885889
845,0.1655540720961281,0.16517256835499777,0.02537015523961413
846,0.1628838451268358,0.17144778126400723,0.040537543869057044
847,0.1717846016911438,0.18848050201703265,0.13363198409395952
848,0.19003115264797504,0.1889287315105334,0.06182809809343733
849,0.18602581219403652,0.19632451815329438,0.08852667859138454
850,0.19581664441477525,0.1938592559390408,0.09816411251172405
851,0.18936359590565205,0.1813088301210219,0.07585120880854743
852,0.182020471740098,0.21940833706857904,0.21732335974543188
853,0.22207387627948377,0.2173913043478261,0.11638754954954027
854,0.21361815754339125,0.20596145226355894,0.09738836991100462
855,0.20872274143302189,0.2147019273868221,0.09074816862424197
856,0.21673342234089893,0.2149260421335723,0.06850074946284629
857,0.21562082777036046,0.21290900941281937,0.10046514649716999
858,0.21562082777036046,0.2147019273868221,0.03757049256234825
859,0.2120605251446373,0.2207530255490811,0.05803779781501631
860,0.2216288384512684,0.2241147467503362,0.06569450481569195
861,0.22207387627948377,0.22590766472433893,0.07547951098687955
862,0.2216288384512684,0.2149260421335723,0.046215998956372344
863,0.2158433466844682,0.2164948453608247,0.06042229451303135
864,0.2158433466844682,0.2274764679515912,0.06751408132492587
865,0.2267467734757454,0.22008068130883013,0.06211808633200113
866,0.21806853582554514,0.21447781264007165,0.04028842760958907
867,0.21361815754339125,0.2097714029583146,0.02511179208159546
868,0.20516243880729862,0.2039444195428059,0.05031711877641189
869,0.1998219848687139,0.2131331241595696,0.034104796235652914
870,0.21028037383177572,0.22187359928283285,0.049512501102151246
871,0.2247441032487762,0.21806364858807709,0.04102728574136837
872,0.21361815754339125,0.22097714029583143,0.03367751389741821
873,0.21984868713840683,0.2198565665620797,0.029058877134327706
874,0.22007120605251446,0.2290452711788435,0.1396155524583602
875,0.23141967067200714,0.2216494845360824,0.044270231500745855
876,0.22429906542056083,0.22613177947108914,0.035486640380037224
877,0.22830440587449935,0.24675033617212,0.2312642108760371
878,0.24855362705829992,0.24002689376961,0.04891107457039305
879,0.23720516243880735,0.23621694307485425,0.05338647034366666
880,0.23809523809523808,0.22254594352308382,0.042946721879932294
881,0.2216288384512684,0.22389063200358578,0.039167421629526966
882,0.22340898976412987,0.23038995965934567,0.028839598450852308
883,0.23097463284379177,0.23397579560735088,0.03735709201884374
884,0.23141967067200714,0.23016584491259523,0.01681918033634992
885,0.22696929238985314,0.2241147467503362,0.028900373605639032
886,0.2209612817089453,0.23285522187359925,0.03136293612747795
887,0.22963951935914556,0.23218287763334816,0.041450855570147785
888,0.22696929238985314,0.22501120573733752,0.03648606167543833
889,0.21806853582554514,0.20103092783505155,0.038972308632598554
890,0.2069425901201602,0.20999551770506492,0.09091072841326142
891,0.20827770360480652,0.20237561631555362,0.03432514054684233
892,0.200489541611037,0.18870461676378308,0.043138981744594136
893,0.1878059635068981,0.17503361721201244,0.056914213703388034
894,0.18001780151312857,0.18108471537427168,0.05990292131525273
895,0.18246550956831337,0.19834155087404753,0.045289384096400126
896,0.196706720071206,0.19161810847153743,0.0301421736433485
897,0.18691588785046725,0.19229045271178852,0.04856763307069048
898,0.20271473075211405,0.20954728821156438,0.1108616167256801
899,0.2018246550956831,0.22299417301658447,0.0980339340551758
900,0.2229639519359145,0.23397579560735088,0.12044212550103839
901,0.23164218958611488,0.23442402510085153,0.05317918856574588
902,0.23141967067200714,0.2256835499775885,0.04092440110433407
903,0.2209612817089453,0.23711340206185566,0.06337126452368934
904,0.2318647085002225,0.23285522187359925,0.047424970785472476
905,0.23097463284379177,0.23195876288659795,0.041919113012740955
906,0.2247441032487762,0.2216494845360824,0.0459913577592393
907,0.22007120605251446,0.24114746750336163,0.11560469130569817
908,0.2400979083222074,0.2501120573733751,0.16207417215765724
909,0.24677347574543834,0.25302554908112945,0.12193678868275869
910,0.2534490431686693,0.24899148363962337,0.06423926985939042
911,0.24922118380062303,0.24092335275661142,0.043390641760540735
912,0.23920783266577655,0.24294038547736435,0.038232797374155816
913,0.2394303515798844,0.24271627073061414,0.09180042442920597
914,0.24032042723631514,0.23352756611385023,0.072751263413374
915,0.22963951935914556,0.2173913043478261,0.06463533961813059
916,0.21428571428571436,0.20035858359480047,0.046935366413511335
917,0.19692923898531373,0.20842671447781264,0.06995265003565555
918,0.2089452603471295,0.2055132227700583,0.07496357529785584
919,0.20026702269692925,0.21515015688032274,0.060307378595354864
920,0.2202937249666222,0.21940833706857904,0.294940038675411
921,0.22563417890520693,0.21246077991931872,0.1024606203293924
922,0.2158433466844682,0.23980277902285968,0.1976204189395045
923,0.23809523809523808,0.22725235320484077,0.16406943973935437
924,0.22318647085002224,0.24697445091887044,0.2180089021164226
925,0.24922118380062303,0.28641864634692965,0.1602293643341623
926,0.28504672897196265,0.2996414164051994,0.42869412308034477
927,0.30284824210057865,0.318691169878978,0.3617266056474488
928,0.32198486871384063,0.3260869565217391,0.17606448903924554
929,0.3244325767690254,0.32070820259973104,0.09388547973958121
930,0.31708945260347127,0.33325862841774984,0.16439827182684857
931,0.32532265242545616,0.318691169878978,0.10876776139289229
932,0.31508678237650206,0.32496638278798745,0.13959454927986772
933,0.32220738762794837,0.3077095472882116,0.09250831060710357
934,0.30663106364040943,0.31174361272971757,0.15712020641552574
935,0.30796617712505564,0.3018825638727028,0.08718935018537625
936,0.30040053404539385,0.3070372030479605,0.06887481916555506
937,0.3070761014686248,0.31174361272971757,0.12729641483305654
938,0.3153093012906097,0.29471089197669204,0.0780354362465017
939,0.28882955051179354,0.29807261317794714,0.0752946073909532
940,0.29595015576323985,0.29986553115194986,0.06174937914295001
941,0.3026257231864709,0.29067682653518595,0.0701521286687027
942,0.2892745883400089,0.27991931869116987,0.06562341713464051
943,0.28015131286159317,0.2868668758404303,0.09607486344066783
944,0.2745883400089007,0.2859704168534289,0.07557393935237679
945,0.2848242100578549,0.3038995965934557,0.08417386438031084
946,0.30618602581219406,0.28395338413267596,0.07812598022710589
947,0.27814864263462397,0.26647243388614966,0.040143742866095115
948,0.2619047619047619,0.2391304347826087,0.08147920126734073
949,0.2318647085002225,0.2758852532496638,0.20375534081438365
950,0.2803738317757009,0.3411026445540117,0.3186098645844989
951,0.3538050734312416,0.40878529807261316,1.0000000000000002
952,0.40498442367601245,0.3942178395338413,0.35342825326258254
953,0.38629283489096583,0.41125056028686685,0.3413387755971941
954,0.4167779261237205,0.4190945764231287,0.5377693008811881
955,0.41900311526479755,0.3908561183325862,0.25320744488771124
956,0.3938584779706275,0.4208874943971314,0.255148846707219
957,0.41967067200712066,0.4105782160466159,0.15424098345750475
958,0.40943480195816645,0.40632003585835946,0.1232203200767527
959,0.4003115264797507,0.3930972658000896,0.19178555720384102
960,0.40053404539385845,0.42312864186463467,0.24314417238281405
961,0.4250111259457054,0.4273868220528911,0.2633396050680567
962,0.4238985313751669,0.42559390407888836,0.11347319525204416
963,0.42278593680462845,0.40632003585835946,0.14685278026567475
964,0.4063195371606588,0.4215598386373823,0.11488858948187634
965,0.4098798397863818,0.4630210667861944,0.4946520441919251
966,0.4670672007120605,0.4621246077991931,0.19806402944432502
967,0.4588340008900756,0.46727924697445095,0.21759705419249742
968,0.47263017356475295,0.4778126400717167,0.11319396641588322
969,0.4850912327547842,0.4903630658897356,0.16444708445116824
970,0.49688473520249227,0.46907216494845366,0.15595674720234054
971,0.4695149087672453,0.4903630658897356,0.09901757718539189
972,0.4806408544726302,0.4836396234872255,0.08621079456811742
973,0.48798397863818427,0.49596593455849397,0.08221785314859474
974,0.4895416110369381,0.5089645898700135,0.3258966612680592
975,0.5046728971962617,0.4977588525324966,0.09648238010356183
976,0.4939919893190921,0.49103541012998647,0.09674919953311756
977,0.4806408544726302,0.44150605109816227,0.1289647753321622
978,0.43813974187805954,0.42133572389063195,0.13474295254845728
979,0.41388518024032045,0.45719408337068584,0.18722095807837763
980,0.4606141522029373,0.4300761990138951,0.11106852037763784
981,0.4274588340008902,0.45047064096817574,0.154769912929622
982,0.4517133956386293,0.46234872254594356,0.12447762327894678
983,0.4639519359145527,0.4652622142536978,0.06482086196563282
984,0.46417445482866054,0.4585387718511877,0.06409939762815334
985,0.4537160658655985,0.478709099058718,0.07316228633519802
986,0.4761904761904762,0.479381443298969,0.08368364125677383
987,0.4746328437917224,0.4735544598834604,0.053381554706147145
988,0.47396528704939916,0.47422680412371127,0.0696290429614688
989,0.4737427681352914,0.4784849843119677,0.23345871646516853
990,0.4806408544726302,0.49013895114298517,0.13070944852562674
991,0.4806408544726302,0.48229493500672344,0.10556833449435192
992,0.47752558967512243,0.479381443298969,0.0879372145900934
993,0.4779706275033378,0.48251904975347376,0.10893503056890598
994,0.4826435246995994,0.4668310174809503,0.1576816547204644
995,0.46684468179795285,0.4569699686239354,0.014866572238301172
996,0.4561637739207833,0.4502465262214253,0.09806246537784151
997,0.44948820649755233,0.4796055580457194,0.11921455674957422
998,0.4806408544726302,0.4601075750784402,0.08731313487564038
999,0.4537160658655985,0.4802779022859704,0.16720740398135703
1000,0.48197596795727643,0.5282384580905424,0.3022046634275022
1001,0.5429461504227859,0.5564769161810847,0.47619712531455355
1002,0.5516243880729861,0.5571492604213355,0.17445490993984877
1003,0.5516243880729861,0.5609592111160915,0.12060317278620569
1004,0.5558522474410326,0.5544598834603316,0.26695648302979275
1005,0.5518469069870939,0.5497534737785745,0.0625785750048082
1006,0.5425011125945705,0.5918870461676378,0.2369917192132849
1007,0.5874499332443257,0.5484087852980726,0.17898087146690703
1008,0.5473965287049398,0.5461676378305691,0.109977833224794
1009,0.5465064530485091,0.6176602420439263,0.38498540863471264
1010,0.6128170894526033,0.5983863738233974,0.26214892078553265
1011,0.593235425011126,0.5905423576871358,0.09703643776467744
1012,0.5861148197596795,0.6456745853877184,0.5413089380212015
1013,0.6003560302625723,0.6645002241147466,0.6086157031931191
1014,0.6720071206052514,0.6692066337965037,0.21286587339277133
1015,0.664218958611482,0.704840878529807,0.2322960135039094
1016,0.7038273253226524,0.7720753025549079,0.4591955851387559
1017,0.7694704049844234,0.7642312864186462,0.4112276254703587
1018,0.758789497107254,0.7682653518601523,0.1689785116171468
1019,0.7572318647085001,0.7716270730614074,0.11243774886489165
1020,0.7656875834445929,0.7891080233079335,0.1291001100518428
1021,0.77659101023587,0.7835051546391751,0.07248633461363346
1022,0.774365821094793,0.8296727924697445,0.3835730394125848
1023,0.820204717400979,0.7958314657104437,0.21876257591093554
1024,0.7828215398308855,0.8267593007619902,0.33839296809459063
1025,0.825322652425456,0.8108471537427162,0.24233958908364098
1026,0.8099688473520248,0.790676826535186,0.19541144143851494
1027,0.7850467289719625,0.7947108919766919,0.16420257445343184
1028,0.7828215398308855,0.7722994173016584,0.1463841790722061
1029,0.7699154428126391,0.8128641864634691,0.1278719569238903
1030,0.8213173119715176,0.832810398924249,0.1442775705819376
1031,0.8322207387627947,0.8771851187808157,0.2731133362105282
1032,0.8704939919893191,0.8298969072164948,0.23287052434211672
1033,0.8322207387627947,0.8148812191842223,0.23029239277593788
1034,0.8233199821984869,0.8142088749439713,0.18819968557107422
1035,0.8277703604806408,0.8256387270282386,0.10094705084952013
1036,0.7877169559412549,0.8435679067682653,0.19980870263778955
1037,0.8411214953271027,0.8874943971313312,0.2847435627062613
1038,0.8811748998664886,0.8883908561183327,0.15785806766976612
1039,0.886737872719181,0.8852532496638277,0.07493621272816679
1040,0.8811748998664886,0.8969072164948453,0.1582536561772806
1041,0.8931909212283042,0.9112505602868668,0.13256068449049332
1042,0.9012016021361815,0.9094576423128642,0.11051927522877909
1043,0.9056519804183356,0.9141640519946213,0.15536920820595218
1044,0.9125500667556743,0.9580905423576869,0.23286853058703885
1045,0.9557187360925679,0.9424025100851634,0.05165317530418086
1046,0.9403649310191367,0.9345584939489016,0.06580199571445783
1047,0.929684023141967,0.9347826086956521,0.0678279946244238
1048,0.9301290609701824,0.9394890183774092,0.08950134982375033
1049,0.9314641744548287,0.9426266248319137,0.061752129149953934
1050,0.9419225634178903,0.9634692962796951,0.07121565950238279
1051,0.9550511793502447,0.9531600179291797,0.07943697731605161
1052,0.9434801958166443,0.9477812640071717,0.08309538038354691
1053,0.9390298175344904,0.9441954280591662,0.11624100855131865
1054,0.9437027147307522,1.0,0.49444654991855685
1055,1.0,0.9876736889287314,0.15189835561612447
1056,0.9790832220738763,0.9580905423576869,0.15756395442069643
1057,0.9383622607921673,0.9453160017929179,0.125211153272156
1058,0.9437027147307522,0.9090094128193633,0.1137269865234188
1059,0.9034267912772584,0.9220080681308831,0.12213832982105875
1060,0.9080996884735202,0.9242492155983864,0.1092528626283845
1061,0.9243435692033821,0.9168534289556252,0.1483611591073271
1062,0.9034267912772584,0.9036306588973553,0.07062633300144186
1063,0.8945260347129504,0.9036306588973553,0.12139950606436702
1064,0.9000890075656429,0.8926490363065889,0.05866930254837993
1065,0.8809523809523809,0.9025100851636036,0.08559121799013332
1066,0.8896306186025811,0.8426714477812638,0.18209924190900675
1067,0.8333333333333333,0.8323621694307486,0.1544515996189178
1068,0.8055184690698709,0.7718511878081578,0.22676650567094414
1069,0.7214063195371607,0.7640071716718961,0.2314724207813217
1070,0.6942590120160212,0.7353204840878529,0.23871370484896706
1071,0.7432131731197151,0.7956073509636932,0.27347379337856753
1072,0.7966177125055629,0.7969520394441953,0.19813123274048342
1073,0.7481085892300845,0.7870909905871806,0.10385965201755123
1074,0.7983978638184244,0.8177947108919768,0.15410355185748364
1075,0.823097463284379,0.8036754818467053,0.08096983122003888
1076,0.807076101468625,0.790676826535186,0.05868264008234896
1077,0.7888295505117935,0.7752129090094129,0.06274257854750474
1078,0.774365821094793,0.7409233527566113,0.08663488002321006
1079,0.7374276813529148,0.7180636485880771,0.17258421767542942
1080,0.7209612817089452,0.7348722545943522,0.12161847537205446
1081,0.7251891410769915,0.7149260421335721,0.18446716981482314
1082,0.7174009790832219,0.7532496638278798,0.13047889481343525
1083,0.7590120160213618,0.7658000896458985,0.12279396586588183
1084,0.765465064530485,0.7725235320484087,0.16080659080428597
1085,0.756564307966177,0.774764679515912,0.09308959333755804
1086,0.765465064530485,0.7718511878081578,0.07638182265995459
1087,0.7645749888740543,0.775437023756163,0.15743645722097702
1088,0.7730307076101468,0.768713581353653,0.22349571609065194
1089,0.7521139296840231,0.7451815329448677,0.16317970934832227
1090,0.7454383622607921,0.7653518601523979,0.07378299729107123
1091,0.7694704049844234,0.7427162707306141,0.052050791941860734
1092,0.7432131731197151,0.7772299417301658,0.08536692054387576
1093,0.7790387182910548,0.7868668758404302,0.10295373096028354
1094,0.7665776591010236,0.7882115643209322,0.06724416813749072
1095,0.7788161993769469,0.7931420887494398,0.095487358819367
1096,0.7912772585669783,0.7608695652173911,0.09151256744607021
1097,0.7547841566533156,0.707978484984312,0.12255554025864158
1098,0.6973742768135291,0.7144778126400717,0.09472182561964962
1099,0.7222963951935915,0.7196324518153294,0.047333739303117295
1100,0.7194036493101912,0.7001344688480502,0.0543613134514702
1101,0.6588785046728971,0.6958762886597936,0.07554516740409824
1102,0.690031152647975,0.7151501568803227,0.08045623303696851
1103,0.7165109034267911,0.7223218287763336,0.10215351329722917
1104,0.7042723631508678,0.6996862393545495,0.07504865363953973
1105,0.6958166444147753,0.7812640071716717,0.22380419812631713
1106,0.7699154428126391,0.7716270730614074,0.08639078252652424
1107,0.7730307076101468,0.7512326311071267,0.10944357561410664
1108,0.7634623943035157,0.7635589421783953,0.08794958962161106
1109,0.7645749888740543,0.7622142536978931,0.06022102837543165
1110,0.765465064530485,0.7850739578664276,0.15549863041057435
1111,0.7886070315976856,0.774764679515912,0.0718697142931786
1112,0.7703604806408546,0.767368892873151,0.06518238476138619
1113,0.7605696484201157,0.767368892873151,0.07043541376519444
1114,0.7610146862483311,0.774764679515912,0.07207149605709152
1115,0.7610146862483311,0.7933662034961899,0.1007471597154224
1116,0.7966177125055629,0.7991931869116986,0.19590644269922128
1117,0.7979528259902091,0.81331241595697,0.15877443875364872
1118,0.8144192256341789,0.8227252353204839,0.08023155746474792
1119,0.814196706720071,0.8231734648139848,0.08330156215866612
1120,0.8219848687138405,0.8110712684894665,0.054559760831890874
1121,0.8010680907877168,0.8090542357687134,0.06982563408716182
1122,0.8012906097018246,0.8357238906320037,0.16172454314219584
1123,0.8433466844681798,0.8451367099955176,0.16646558959204852
1124,0.8475745438362259,0.8491707754370237,0.0604473539518546
1125,0.8495772140631952,0.8735992828328103,0.10126811416722827
1126,0.8651535380507342,0.8520842671447781,0.06040036320717505
1127,0.8444592790387182,0.8247422680412368,0.08459863733715446
1128,0.8190921228304406,0.8298969072164948,0.044662244999155234
1129,0.82688028482421,0.8585835948005378,0.060100406193222024
1130,0.8589230084557187,0.8384132675930074,0.05571524502476468
1131,0.8304405874499332,0.848722545943523,0.05913302247941663
1132,0.8453493546951489,0.8184670551322277,0.04627588035888279
1133,0.8072986203827324,0.8285522187359928,0.06442396720479147
1134,0.7877169559412549,0.6869116987897803,0.5748431421786278
1135,0.6829105473965287,0.6275212909009413,0.31618717716421685
1136,0.6097018246550956,0.6205737337516808,0.21409846090701765
1137,0.6252781486426346,0.6492604213357238,0.2409202073436531
1138,0.6466399643969738,0.6367099955177049,0.10991551119106757
1139,0.6279483756119268,0.6315553563424474,0.10588145716683622
1140,0.6275033377837116,0.6476916181084715,0.1057120567353945
1141,0.6386292834890965,0.6613626176602418,0.14422428919623656
1142,0.6586559857587895,0.680636485880771,0.09697463135726424
1143,0.6639964396973741,0.6956521739130435,0.06776416008684522
1144,0.675122385402759,0.7082025997310621,0.08762790755232705
1145,0.6871384067645749,0.694083370685791,0.07340985571572628
1146,0.6720071206052514,0.7254594352308381,0.1393554361708765
1147,0.7298620382732532,0.7465262214253696,0.11583459189122622
1148,0.7418780596350689,0.7198565665620797,0.0867166239814017
1149,0.7209612817089452,0.6839982070820259,0.05908964111892973
1150,0.6786826880284824,0.722097714029583,0.141210797146249
1151,0.7109479305740987,0.7310623038995965,0.06709456775647725
1152,0.7294170004450378,0.7371134020618557,0.04905146242794337
1153,0.7151757899421449,0.7364410578216045,0.03451234727363447
1154,0.7236315086782377,0.7218735992828327,0.11819908228828771
1155,0.7109479305740987,0.739354549529359,0.03803441874391024
1156,0.7298620382732532,0.7483191393993724,0.03892854914614861
1157,0.7423230974632844,0.7850739578664276,0.12191344799831287
1158,0.7839341344014239,0.7597489914836395,0.1042614624159121
1159,0.7501112594570538,0.7740923352756612,0.049546257438124415
1160,0.763907432131731,0.7368892873151054,0.2105317705731032
1161,0.7151757899421449,0.7090990587180637,0.11230588602905348
1162,0.690031152647975,0.6972209771402957,0.10038900567824884
1163,0.6893635959056519,0.714701927386822,0.08111324408529352
1164,0.6991544281263908,0.7254594352308381,0.0688626503845627
1165,0.7200712060525145,0.7382339757956073,0.07246986894669748
1166,0.7214063195371607,0.7303899596593455,0.07335726183177622
1167,0.7120605251446372,0.7229941730165843,0.15162930180587805
1168,0.710725411659991,0.7471985656656208,0.06798522627487316
1169,0.747663551401869,0.7252353204840878,0.1224252586768307
1170,0.7187360925678683,0.7994173016584492,0.2260670757645836
1171,0.792167334223409,0.7828328103989242,0.12024515624938233
1172,0.7763684913217623,0.7557149260421334,0.0769393865800002
1173,0.7423230974632844,0.7335275661138503,0.06607417765767122
1174,0.7354250111259457,0.7736441057821604,0.07450133349558374
1175,0.7694704049844234,0.7714029583146571,0.04071189431310583
1176,0.7645749888740543,0.7492155983863737,0.04494570197108471
1177,0.7449933244325766,0.7285970416853427,0.07390771010869918
1178,0.7209612817089452,0.7003585835948003,0.11196491953565445
1179,0.6893635959056519,0.6302106678619452,0.11531704057308771
1180,0.6165999109924343,0.6510533393097264,0.10511296770958964
1181,0.647085002225189,0.6095921111609144,0.11149026832677715
1182,0.6083667111704494,0.5847153742716269,0.14172972346788948
1183,0.5707610146862483,0.6093679964141641,0.09979438541382535
1184,0.6048064085447262,0.6304347826086956,0.07739856899948042
1185,0.6275033377837116,0.6438816674137158,0.07487846258108438
1186,0.6475300400534045,0.6017480950246525,0.07597753725529019
1187,0.5914552736982643,0.6116091438816673,0.13395081303097695
1188,0.6141522029372497,0.6257283729269385,0.05093717660562167
1189,0.6261682242990654,0.6255042581801882,0.06075934224644979
1190,0.6248331108144192,0.6465710443747199,0.14857469715118182
1191,0.6484201157098353,0.5961452263558942,0.4528034001086597
1192,0.5763239875389408,0.5952487673688927,0.1925235559584316
1193,0.5919003115264796,0.5916629314208874,0.11198595708923446
1194,0.5881174899866488,0.6134020618556699,0.0845777029088371
1195,0.6141522029372497,0.6048857014791573,0.06405309438522476
1196,0.5974632843791723,0.5992828328103987,0.05868284633287426
1197,0.5947930574098799,0.6035410129986554,0.03530555241882882
1198,0.5976858032932799,0.58673240699238,0.06653002569365919
1199,0.5785491766800177,0.5912147019273868,0.0635390149509287
1200,0.5874499332443257,0.604661586732407,0.061363243784511516
1201,0.5921228304405874,0.612729717615419,0.08426365210898897
1202,0.613262127280819,0.6290900941281936,0.09412098346437976
1203,0.6275033377837116,0.6387270282384581,0.054657936081930966
1204,0.6404094348019582,0.6181084715374272,0.10903176206526902
1205,0.6110369381397418,0.5952487673688927,0.049973574151446674
1206,0.5852247441032488,0.5753025549081128,0.05975204905599995
1207,0.5732087227414331,0.6024204392649035,0.06496341545369873
1208,0.5963506898086337,0.5858359480053787,0.07818964288924674
1209,0.5823319982198487,0.5912147019273868,0.044497897705583225
1210,0.5890075656430795,0.5977140295831465,0.06260208756469177
1211,0.5963506898086337,0.5900941281936352,0.11184460672923277
1212,0.5919003115264796,0.6008516360376512,0.17677980023605375
1213,0.6016911437472183,0.5425818018825637,0.11875489307886831
1214,0.529595015576324,0.5367548184670552,0.1004755277736098
1215,0.538495772140632,0.5307037203047962,0.0563285309617273
1216,0.5251446372941699,0.5392200806813088,0.03892383975915439
1217,0.531820204717401,0.5349619004930524,0.25485435533218626
1218,0.531820204717401,0.5080681308830122,0.11717814218808088
1219,0.5044503782821539,0.5378753922008068,0.15368273203570817
1220,0.5360480640854473,0.5885253249663827,0.21579748398421705
1221,0.5792167334223408,0.6004034065441506,0.10555606258809691
1222,0.6003560302625723,0.5934558493948903,0.08644007640206959
1223,0.591677792612372,0.5927835051546391,0.04337716672622151
1224,0.5874499332443257,0.5914388166741371,0.1820208667093949
1225,0.5809968847352025,0.5856118332586284,0.11423972532930045
1226,0.5798842901646639,0.5981622590766471,0.07731603441427515
1227,0.6097018246550956,0.5898700134468848,0.07358774679379261
1228,0.5854472630173564,0.5853877185118781,0.1712800268538184
1229,0.5832220738762794,0.5876288659793814,0.10208486624739373
1230,0.5854472630173564,0.5748543254146121,0.049313434970154696
1231,0.5651980418335558,0.56006275212909,0.055289234564769286
1232,0.5362705829995549,0.5179291797400267,0.05598347383290992
1233,0.5073431241655542,0.47758852532496626,0.11753993998453464
1234,0.4672897196261682,0.5042581801882564,0.15613047889481346
